Rank,Title
1,Mobile Applications Developer
2,Risk Management Director
3,Landman
4,Product Analyst
5,Information Assurance Analyst
6,Quality Assurance Coordinator (RN)
7,Clinical Applications Specialist
8,Hospital Administrator
9,Database Analyst
10,Finance & Administration Director
11,Auditing Director
12,Portfolio Manager
13,Information Technology Director
14,Webmaster
15,Real Estate Development Manager
16,Quality Management Director
17,Management Analyst
18,Marketing and Sales Director
19,Employee Relations Specialist
20,Actuary
21,Government Affairs Director
22,Information Technology Operations Manager
23,Project Control Specialist
24,Operations Project Manager
25,Customer Success Manager
26,Community Relations Manager
27,Certified Financial Planner
28,Continuous Improvement Manager
29,E-Learning Specialist
30,Brand Manager
31,Dean of Students
32,Business Development Manager
33,Video Game Designer
34,Technical Services Manager
35,IT Training Specialist
36,Supply Chain Management Director
37,Transportation Engineer
38,IT Business Analyst
39,User Experience Researcher
40,Internal Auditor
41,Analytics Manager
42,Social Media Manager
43,Operations Director
44,Dentist
45,Radiologist
46,Career Counselor
47,Front End Developer/Engineer
48,Biostatistician
49,Accounting & Financial Reporting Director
50,IT Security Director
51,Certified Public Accountant
52,Database Administrator
53,Financial Analysis Manager
54,Music Teacher
55,Instructor in Postsecondary/Higher Education
56,Videographer
57,User Interface Designer
58,Associate Director in Non-Profit Organization
59,Product Owner
60,Corporate Paralegal
61,Tutor
62,Marine Engineer or Naval Architect
63,Technical Support Engineer
64,Programmer Analyst
65,Patient/Health Educator
66,Proposal Manager
67,Education Program Manager
68,Content Strategist
69,Marketing Communications Director
70,Applications Engineer
71,Training & Development Specialist
72,Environmental Health & Safety Coordinator
73,General Practice Physician
74,Nursing Instructor
75,Forester
76,Sales Account Manager
77,Area Operations Manager
78,Customer Service Director
79,Financial Services Product Manager
80,Software Developer
81,Petroleum Engineer
82,Division General Manager
83,Revenue Manager
84,Clinical Research Associate
85,Implementation Manager
86,Nursing Home Director
87,Statistician
88,Administrative Director
89,Pharmacy Director
90,Asset Manager
91,Clinical Services Director
92,Environmental Specialist
93,Nursing Manager
94,Accounting Analyst
95,Environmental Engineer
96,Engagement Manager
97,Civil Engineer
98,Occupational Therapist
99,User Experience Designer
100,Anesthesiologist
